{"cameraMode":{"drawMode":0,"name":"Shaded","section":"Shading Mode"},"sceneLighting":true,"audioPlay":false,"sceneViewState":{"showFog":true,"showMaterialUpdate":false,"showSkybox":true,"showFlares":true,"showImageEffects":true,"showParticleSystems":true},"in2DMode":false,"pivot":{"x":288.83966064453127,"y":137.916015625,"z":154.63705444335938},"rotation":{"x":-0.04528484866023064,"y":-0.02038039080798626,"z":0.0009241846273653209,"w":-0.9987668991088867},"size":451.4098815917969,"orthographic":false}